Ticker,Sector,Score,Ret_12m,Ret_6m,RS_SPY,Vol_Ratio,Drawdown,Price,Rank
WDC,Information Technology,1.5430152341451742,2.057406756474657,1.9822358619284417,1.8308187356796604,0.7514406093106031,-0.05193036180275612,165.0399932861328,1.0
WBD,Communication Services,1.2323946339956655,1.4174596701986362,1.5971691216173696,1.4457519953685882,1.1538242667052585,0.0,25.504199981689453,2.0
STX,Information Technology,1.1413809653436855,1.8510117608348144,1.1842303210178904,1.032813194769109,0.7408234254972018,-0.06459400273878635,275.0,3.0
MU,Information Technology,0.9615259787478989,1.3404602227824065,1.1468762465334623,0.995459120284681,0.6741105544797389,-0.08132651344384845,232.6999969482422,4.0
TER,Information Technology,0.9342493171774582,0.7414647583487362,1.3532543994536397,1.2018372732048583,0.896641332069194,0.0,200.21499633789062,5.0
INTC,Information Technology,0.8728216019917949,0.8747219086457221,1.0999502054583452,0.9485330792095639,1.1866086122145232,-0.03736285155954089,42.125,6.0
NEM,Materials,0.7987242465497082,1.2122514662669022,0.7378637794479572,0.5864466531991759,0.792389345427133,-0.0771047126480725,90.43009948730469,7.0
GOOG,Communication Services,0.7911966937970564,0.8581434089895086,0.8337881435917733,0.682371017342992,0.798122609826188,-0.010953569605987146,320.0950012207031,8.0
GOOGL,Communication Services,0.7893074374267317,0.8719112028254947,0.8424548592799848,0.6910377330312034,0.7260502858133722,-0.012722576685981979,319.32501220703125,9.0
LRCX,Information Technology,0.7768844171140323,1.0455109343121074,0.8445173542945794,0.6931002280457981,0.7159782823320903,-0.046909764477846894,158.30499267578125,10.0
IVZ,Financials,0.759866590781477,0.5180688126573616,0.8463991018516344,0.694981975602853,1.552664279104077,0.0,26.079999923706055,11.0
AVGO,Information Technology,0.7163732513610307,1.3175435337817896,0.5691940096257475,0.41777688337696617,0.8182858056246818,-0.04231186260303832,385.9100036621094,12.0
GLW,Information Technology,0.6898533316569717,0.7611942681994832,0.6884344035191525,0.5370172772703712,0.745721379708721,-0.05556865515140119,84.98280334472656,13.0
CAT,Industrials,0.6607003147509891,0.5236178109737155,0.7070704199321531,0.5556532936833718,0.8485027736212948,0.0,599.27001953125,14.0
APH,Information Technology,0.6418042926004082,0.8927754806741848,0.475564455114734,0.32414732886595266,0.9088428691027435,-0.0453598114592918,137.3249969482422,15.0
AMD,Information Technology,0.6326526316259913,0.535306450938607,0.8760891536658126,0.7246720274170313,0.5888021068545304,-0.17533834820843575,217.98280334472656,16.0
CHRW,Industrials,0.5933043202170956,0.47754101160966256,0.6287759384132319,0.47735881216445053,0.9074624589494238,-0.03143717761145903,155.27999877929688,17.0
GM,Consumer Discretionary,0.5892386065361368,0.44604839359176784,0.621625480175158,0.4702083539263766,0.9805490944033063,0.0,76.77999877929688,18.0
KLAC,Information Technology,0.5734279322867837,0.8368432873752891,0.5063581155281731,0.35494098927939177,0.6574676829292596,-0.016826786019727424,1212.4599609375,19.0
TPR,Consumer Discretionary,0.5722913829356532,0.8233527472052993,0.46443366380774576,0.3130165375589644,0.7579763068660375,-0.01673210768896294,115.18000030517578,20.0
TEL,Information Technology,0.5667289556821745,0.5558077320199497,0.42254939499656485,0.2711322687477835,0.9022309315198508,-0.06268071553793297,233.3925018310547,21.0
CMI,Industrials,0.561449790831027,0.3858397346435245,0.5779733571801853,0.42655623093140393,0.7042433645972392,-0.00046988729875030444,510.5,22.0
WELL,Real Estate,0.5576274435423698,0.5556881535859963,0.3260283156642685,0.17461118941548714,0.6740474652833084,-0.02454135328207596,203.11000061035156,23.0
JNJ,Health Care,0.5567445047044047,0.3645648502816692,0.3191055417974573,0.16768841554867597,0.7850572037531875,-0.02808827278680659,201.72999572753906,24.0
LVS,Consumer Discretionary,0.5540815090499717,0.2582380741530592,0.6654541404334073,0.514037014184626,0.940799048166257,-0.04453880149443479,66.3949966430664,25.0
CAH,Health Care,0.553801537032802,0.6311122690816631,0.28932609333672255,0.1379089670879412,1.0984991113796456,-0.07257987768837726,198.21749877929688,26.0
AMAT,Information Technology,0.5476212697145963,0.48508591953558744,0.6229685036046679,0.4715513773558866,0.7790311304674525,-0.0004732127384610152,269.3125,27.0
C,Financials,0.5368289612966327,0.564639452851645,0.40681898768364766,0.2554018614348663,0.8553416577483852,0.0,108.7300033569336,28.0
ULTA,Consumer Discretionary,0.530072259559171,0.5414369742125298,0.30858602766322285,0.1571689014144415,1.6407092068508227,0.0,609.3300170898438,29.0
INCY,Health Care,0.518757481752714,0.4066361434389747,0.4733169207597976,0.32189979451101625,0.9554339879760567,-0.06410495385611759,101.31999969482422,30.0
EL,Consumer Staples,0.5128578379828509,0.38079688528049727,0.5473025733805457,0.3958854471317643,1.0878233095109704,0.0,105.12999725341797,31.0
DLTR,Consumer Staples,0.5126669910859807,0.6948812849213466,0.29994710286458326,0.14852997661580192,1.301736898971853,0.0,122.84500122070312,32.0
IDXX,Health Care,0.5111628787532297,0.6581766998272522,0.36502399674423347,0.21360687049545213,0.9201070975035687,-0.06543184077106756,716.5147094726562,33.0
WYNN,Consumer Discretionary,0.510107489063875,0.358542097696817,0.5210225079090307,0.36960538166024937,0.9486812135602399,-0.05214512737976462,126.1500015258789,34.0
GS,Financials,0.5089502332591307,0.43985532507378045,0.39796773075822167,0.24655060450944033,0.9122240346942979,0.0,849.5700073242188,35.0
BK,Financials,0.5086950162015479,0.4483254264622407,0.28142832808835183,0.1300112018395705,0.7598311279046162,0.0,114.55999755859375,36.0
RTX,Industrials,0.49823518167153347,0.46475562941863746,0.23108240771518385,0.0796652814664025,1.0631915641877692,-0.04986236375104114,169.82150268554688,37.0
DG,Consumer Staples,0.4975341204705285,0.7147920394312839,0.17718358306901072,0.025766456820229378,1.645091488891981,0.0,132.11000061035156,38.0
HII,Industrials,0.4939201907455632,0.6364423912724999,0.3672641645500698,0.21584703830128849,0.7561266188935676,-0.0494679861306514,306.79998779296875,39.0
FOXA,Communication Services,0.4901104755848589,0.49656521665897935,0.27132652917377387,0.11990940292499253,0.9308768077054118,0.0,68.80500030517578,40.0
RL,Consumer Discretionary,0.4874364087465791,0.5903506512743253,0.33195604509577725,0.1805389188469959,0.9798978563402165,-0.020257499566142645,363.70001220703125,41.0
HCA,Health Care,0.4872498585695332,0.500152902883106,0.27104473548470187,0.11962760923592053,0.9273053865973617,-0.05651830889126741,486.69500732421875,42.0
COR,Health Care,0.48333030710461344,0.3589364172740874,0.171127982439498,0.019710856190716664,1.1286148934053473,-0.1002001008484823,337.20001220703125,43.0
GEV,Industrials,0.48147959166411847,0.8796216671488186,0.28441333574659167,0.13299620949781032,0.8451497794363434,-0.03946092601875839,622.4099731445312,44.0
VTR,Real Estate,0.47450642417732136,0.3078441140356696,0.2711082931651341,0.11969116691635273,0.9312916350949689,-0.0112984684910159,79.71900177001953,45.0
GD,Industrials,0.4673640867633149,0.23703050573912865,0.2278663804775074,0.07644925422872606,0.9483448249101537,-0.04946716947017149,336.2699890136719,46.0
EXPE,Consumer Discretionary,0.4635719702886742,0.4465550033734127,0.498321497426909,0.34690437117812767,0.5572933722886875,-0.035154196517477976,263.5899963378906,47.0
MS,Financials,0.46269861346281776,0.3914694160150103,0.3569136474519077,0.20549652120312634,0.7594484421538364,0.0,176.5594024658203,48.0
VLO,Energy,0.4617890751399191,0.3302060692325941,0.4012943693780213,0.24987724312923998,0.9517321655340925,-0.03792321916101027,177.27999877929688,49.0
MPWR,Information Technology,0.4601366858796594,0.6636024291517648,0.4045230322927864,0.25310590604400507,0.6884331276028762,-0.13010272221037777,961.280029296875,50.0
EA,Communication Services,0.4573285503772928,0.22087433406570267,0.3651192250783919,0.21370209882961055,0.9250379601133341,0.0,203.76499938964844,51.0
IQV,Health Care,0.4559178312563167,0.12015151373378496,0.47505240199694576,0.3236352757481644,1.119894844787886,-0.03121768519457291,224.67999267578125,52.0
EVRG,Utilities,0.4530516895960858,0.20859645428927975,0.1480823212178073,-0.003334805030974053,0.7940927774379133,-0.057396864009026105,73.52999877929688,53.0
EXPD,Industrials,0.4503180066396192,0.25431937475807875,0.3424316837035766,0.19101455745479523,0.7627871179344601,-0.0030232679804298446,150.0449981689453,54.0
CFG,Financials,0.4494292705029469,0.2394791109914911,0.3744417057195406,0.22302457947075927,1.1108319981223778,-0.000268421427375265,55.8650016784668,55.0
STT,Financials,0.4488023509635861,0.30481389066191067,0.27265554300640216,0.12123841675762081,0.9410232890453253,0.0,123.70999908447266,56.0
ATO,Utilities,0.44568539817473496,0.19364619361820057,0.13247598261375693,-0.018941143635024416,0.7261467085462125,-0.04320099291285495,170.47000122070312,57.0
L,Financials,0.44493190900467866,0.20677709405593814,0.1623116677715628,0.010894541522781465,0.8749495405538809,-0.04415295293715127,103.4800033569336,58.0
APA,Energy,0.44461018608413233,0.2771234667790978,0.506709066115919,0.3552919398671377,0.8315768283485645,0.0,27.19499969482422,59.0
TJX,Consumer Discretionary,0.44296600778926987,0.22583055074506087,0.18308861470522775,0.031671488456446406,0.6459746202361368,-0.01358324145974188,151.0500030517578,60.0
FSLR,Information Technology,0.44181973241890854,0.2563972976699296,0.5672677293179895,0.4158506030692082,0.8164708888602761,-0.060113981866581234,260.7149963378906,61.0
TMO,Health Care,0.4417335587261819,0.07706199441454187,0.42993261196627364,0.2785154857174923,0.8885524308184134,-0.04048313931714309,573.5800170898438,62.0
AEP,Utilities,0.4345761131097544,0.2517503357039512,0.17158410485822673,0.020166978609445385,0.7970752315134665,-0.05182995443259697,117.3550033569336,63.0
DD,Materials,0.43402412813644864,0.19431437477336777,0.43804414199384833,0.286627015745067,0.7234650179532762,-0.000324195848131259,40.56999969482422,64.0
AAPL,Information Technology,0.43153381442231104,0.15835775421850884,0.3750447191040387,0.22362759285525735,0.901260562384001,-0.022292899222147833,279.80999755859375,65.0
JBL,Information Technology,0.43116588750358864,0.628511120140473,0.24817953258840486,0.09676240633962352,0.8161004076017725,-0.06004547482991218,220.28500366210938,66.0
ETR,Utilities,0.42614489195924754,0.27809385754908256,0.16021761838161575,0.008800492132834403,1.104438178629247,-0.035531136763395144,94.05500030517578,67.0
JPM,Financials,0.42271790913721496,0.3161073885304915,0.19892944683332092,0.04751232058453958,0.8906392693434749,-0.015230501005077057,315.5299987792969,68.0
FOX,Communication Services,0.42082906254667724,0.400581627136954,0.23275732756403533,0.08134020131525399,0.646390401111352,0.0,61.06999969482422,69.0
WMT,Consumer Staples,0.419103814214995,0.24628754369473538,0.18687351515034067,0.03545638890155933,0.8748420526771251,0.0,115.41500091552734,70.0
MCK,Health Care,0.4164876953975676,0.3132123830693436,0.13593950983528025,-0.015477616413501094,1.1956121560045045,-0.09046333899063674,808.080078125,71.0
CSCO,Information Technology,0.41465154200560705,0.3377667867955585,0.18842998275083955,0.03701285650205821,0.5181276276075386,-0.0104605141116062,77.56999969482422,72.0
FE,Utilities,0.411584285702008,0.12961499613151894,0.12653925369796193,-0.024877872550819413,0.9430064342265508,-0.05940911204210042,44.8849983215332,73.0
MNST,Consumer Staples,0.4096199954528473,0.35929148420026125,0.1616464885564195,0.010229362307638157,0.7900017036692738,-0.03015132821787181,73.66000366210938,74.0
KO,Consumer Staples,0.4093622042623238,0.1436044355595092,0.01064635999394592,-0.14077076625483542,0.8788099275989852,-0.02823306754614674,70.55999755859375,75.0
MDT,Health Care,0.4048875668531785,0.2311681025728629,0.1870445301780863,0.03562740392930497,0.5698512205001015,-0.030232535403179273,102.16500091552734,76.0
TKO,Communication Services,0.40457900578277545,0.48341923229991357,0.22176271241008627,0.07034558616130493,0.7177343119828602,-0.018604233624669453,201.50999450683594,77.0
NI,Utilities,0.4044292943560359,0.16646242214875673,0.08457600004723886,-0.06684112620154248,0.9707490847623981,-0.04736007482442495,42.040000915527344,78.0
GE,Industrials,0.4036855147409774,0.5827905376417166,0.11507378776179711,-0.036343338486984234,0.8611149460112971,-0.09544579425376565,284.2832946777344,79.0
ROST,Consumer Discretionary,0.40275255312059455,0.16260703556526712,0.23588198143877603,0.08446485518999469,0.8973742155734166,-0.007078620824920945,176.74000549316406,80.0
BIIB,Health Care,0.40059461246287653,0.13329180210798008,0.3692630256161511,0.21784589936736976,0.7571617685475047,0.0,182.2899932861328,81.0
CNP,Utilities,0.40030680928253887,0.2233035549056832,0.06026133566692082,-0.09115579058186052,0.964904435810407,-0.04041870992798002,38.380001068115234,82.0
NTRS,Financials,0.3978974920612058,0.25481398427100665,0.24408674446596135,0.09266961821718,0.807172731468992,-0.008766774747861583,133.4199981689453,83.0
BKR,Energy,0.3954803007670411,0.17585869521189168,0.33986336723973487,0.18844624099095353,0.8577467798253998,-0.00661922703877893,50.275001525878906,84.0
ABBV,Health Care,0.39363200143831834,0.28991511822141725,0.21060230263434576,0.05918517638556442,0.7016534270291525,-0.06767833532565382,226.2100067138672,85.0
F,Consumer Discretionary,0.3926303451422634,0.3137750049702259,0.32234258411722294,0.1709254578684416,0.7218295479566849,-0.032698157736582134,13.234399795532227,86.0
JBHT,Industrials,0.39247148205415283,0.02953358866467659,0.3506180066259872,0.19920088037720585,1.2865603738873823,0.0,188.28500366210938,87.0
PH,Industrials,0.3913743725308154,0.26823126691556776,0.31740304185774115,0.1659859156089598,0.5419870689034,0.0,880.3200073242188,88.0
ROK,Industrials,0.3906550709481045,0.40456124621525547,0.25169910022818986,0.10028197397940852,0.7035389325087839,-0.0023769391117328675,402.92999267578125,89.0
LHX,Industrials,0.3892032421323377,0.18229504782838113,0.14892251578075855,-0.0024946104680227954,0.7739467402156872,-0.0891458038426689,278.2550048828125,90.0
LNT,Utilities,0.3887696609362736,0.09081208445763478,0.0965342837650438,-0.05488284248373754,0.9294807092947686,-0.05988201510020463,65.30999755859375,91.0
BAC,Financials,0.388515361379995,0.1847583911282975,0.2118399359640133,0.06042280971523195,0.9434441118056638,0.0,54.19499969482422,92.0
LDOS,Industrials,0.3884395739564183,0.14586417580674893,0.2624192366263989,0.11100211037761754,0.8539949464467191,-0.06736409259450571,186.1074981689453,93.0
AEE,Utilities,0.38724484196258796,0.12040693202743258,0.05547375100191321,-0.09594337524686813,1.0808583487421581,-0.060620580053512674,99.90299987792969,94.0
REGN,Health Care,0.38555487953336587,-0.03569149132591498,0.4614657629321166,0.31004863668333527,0.8021449542581147,-0.0869912990870697,718.8300170898438,95.0
HWM,Industrials,0.3847357830521789,0.6152308689157489,0.09550635896544168,-0.05591076728333966,0.8631837837224178,-0.08515304730901074,191.8800048828125,96.0
SYF,Financials,0.384539082230717,0.21879202967331812,0.3691601747057587,0.21774304845697734,0.7199305747949014,0.0,80.4000015258789,97.0
CVS,Health Care,0.38438706628538555,0.3390852664280597,0.21841988179736682,0.06700275554858548,1.0098591000093389,-0.07810788417681092,76.01000213623047,98.0
IBM,Information Technology,0.38390784660077365,0.38127460440703453,0.16093787809464533,0.009520751845863984,0.756775548740769,-0.021064859782206957,308.3450012207031,99.0
ADI,Information Technology,0.3833119614849666,0.2917748698164251,0.2708209743276615,0.11940384807888016,0.9445187629042003,0.0,281.3399963378906,100.0
IBKR,Financials,0.38217187318123047,0.40284051642768626,0.2342654300076814,0.08284830375890007,0.8662591529477375,-0.10672799164122837,65.19999694824219,101.0
AXP,Financials,0.381190314782353,0.24989026483977228,0.2413532980644717,0.08993617181569036,0.7713596788660235,0.0,373.5799865722656,102.0
XEL,Utilities,0.3810855105559491,0.1227106027830045,0.14437635638724355,-0.007040769861537788,0.9426717450302057,-0.06040675980517962,77.1500015258789,103.0
O,Real Estate,0.3810542637183034,0.10903586808656596,0.07836669510899985,-0.07305043113978149,0.8159534888010767,-0.022424274329191807,58.724998474121094,104.0
LLY,Health Care,0.3775931363740139,0.2553318068530126,0.3211897120002025,0.16977258575142118,0.7457535336224365,-0.0869415860849031,1013.4400024414062,105.0
CRWD,Information Technology,0.3756030408535376,0.49372756746612634,0.11596673081692921,-0.03545039543185213,1.371224934189152,-0.06241825013804703,522.72998046875,106.0
MCD,Consumer Discretionary,0.3723889817429842,0.07888638865265074,0.022014915552801773,-0.12940221069597957,1.1189351543257282,-0.0005338142966746506,310.489990234375,107.0
PWR,Industrials,0.37232563572437416,0.3489881104358956,0.26743339307276126,0.11601626682397992,0.7144743406479402,-0.015325485380998427,457.7554931640625,108.0
KEYS,Information Technology,0.37157292027328015,0.2291227641858553,0.29780794465190974,0.1463908184031284,0.7250462467318715,0.0,210.17999267578125,109.0
HAS,Consumer Discretionary,0.3694556898014606,0.3102344817534206,0.2635321137991402,0.11211498755035887,0.6368223213526851,-0.004716403170078376,82.30000305175781,110.0
CBOE,Financials,0.36863051282825454,0.19620922300221277,0.13328839782307944,-0.0181287284257019,0.7183209520196245,-0.03300368157467326,252.27000427246094,111.0
CME,Financials,0.3672545588734757,0.17664474261391616,-0.0019523176653690744,-0.15336944391415042,0.8536405433351945,-0.04869493568172212,271.1600036621094,112.0
ALLE,Industrials,0.36671695688007666,0.15545048299242548,0.1577621991251179,0.006345072876336566,0.8980342991347396,-0.10564383893343732,160.51010131835938,113.0
NSC,Industrials,0.3656755648963192,0.11500168300999958,0.18731839107556358,0.03590126482678224,1.0179651146176054,-0.013688142988979912,294.8800048828125,114.0
ORLY,Consumer Discretionary,0.3647420412090364,0.18258158588690088,0.07122637234698326,-0.08019075390179808,0.8401056987473584,-0.0874605855302043,98.38999938964844,115.0
STLD,Materials,0.36472160981307894,0.185288597367542,0.2605977735421674,0.10918064729338606,1.0119448748798947,-0.02553938707179304,167.1199951171875,116.0
BG,Consumer Staples,0.36358775634893614,0.10748131480704304,0.28735687767135687,0.13593975142257553,0.7804244804654218,-0.027212230423592,94.44499969482422,117.0
NUE,Materials,0.36337821219499844,0.06213178273990572,0.34152251814902024,0.1901053919002389,0.9683376079435321,-0.017971019326162074,161.75,118.0
MPC,Energy,0.36305342457674583,0.26814130876049025,0.2175274181922966,0.06611029194351525,0.8759767108031842,-0.031273455436404585,192.89999389648438,119.0
CBRE,Real Estate,0.3625975342115273,0.17669361091502434,0.2550361003203907,0.10361897407160936,0.7374965470551833,-0.027365843599521766,161.36000061035156,120.0
NDAQ,Financials,0.36182390995447367,0.13028618280271242,0.06258630323749359,-0.08883082301128775,1.1465841396968515,-0.05417843606430173,90.43000030517578,121.0
AMGN,Health Care,0.3604054305094113,0.23288359228258404,0.16214112352144783,0.010723997272666486,0.8670614331636045,-0.03803884670654234,332.319091796875,122.0
MRK,Health Care,0.35890717364288915,0.02262882608502803,0.29723459231544,0.14581746606665869,0.7224975714604677,-0.04945112551978226,100.43499755859375,123.0
XOM,Energy,0.3560301735389443,0.04485082839356891,0.15800830858500392,0.0065911823362225785,0.854559169583728,-0.005826135380084141,118.59500122070312,124.0
NOC,Industrials,0.3559352918596061,0.14824377904564545,0.127910626699983,-0.023506499548798354,0.9055676482587687,-0.13809920864401282,547.6300048828125,125.0
A,Health Care,0.35395994457572605,0.05870532245671689,0.26832786800219743,0.11691074175341609,0.9125219291186758,-0.06952921684457747,146.27000427246094,126.0
JCI,Industrials,0.3525854331177989,0.3949157983912981,0.09849273346231158,-0.052924392786469765,0.8003000032040624,-0.07386275002033926,113.5999984741211,127.0
WFC,Financials,0.35086724982930073,0.24429487029862895,0.19609493329172012,0.04467780704293878,0.7559280719884901,0.0,90.29000091552734,128.0
PLD,Real Estate,0.348513197023448,0.1449933274441455,0.20378534988392927,0.052368223635147926,0.8075871873810156,-0.004760472803946203,128.5749969482422,129.0
HAL,Energy,0.34737682879754406,-0.07456563302473251,0.4011050929711981,0.24968796672241678,0.9218161495349131,0.0,28.354999542236328,130.0
UHS,Health Care,0.34714387698830773,0.1655221331583161,0.2179271027623959,0.06650997651361457,0.9004393693568823,-0.056396273466186364,230.22000122070312,131.0
EME,Industrials,0.3470557273823438,0.23054892103063196,0.2813579909431865,0.12994086469440513,0.7846498918904883,-0.19454307998009168,625.8400268554688,132.0
STE,Health Care,0.34701683192430965,0.22483694118755748,0.08599097355229812,-0.06542615269648322,0.7273962436832382,-0.017239431641260183,263.3699951171875,133.0
SPG,Real Estate,0.3460715039390791,0.06492844748587911,0.15870934756240018,0.007292221313618841,0.945893514120631,-0.023765074325109325,183.2100067138672,134.0
BRK-B,Financials,0.3452579749716192,0.07182518598788912,0.021136482205561524,-0.13028064404321982,0.6288560634492684,-0.019167612130911116,503.96148681640625,135.0
PSX,Energy,0.3449723445044739,0.09331211953188379,0.2627954981526033,0.11137837190382194,0.8538777345831662,0.0,141.7100067138672,136.0
ADM,Consumer Staples,0.3447553987275226,0.16164262125119855,0.27499368154788617,0.12357655529910483,0.6655159555996614,-0.05418204650505032,59.44499969482422,137.0
K,Consumer Staples,0.3410169730854061,0.06149132821342951,0.02816653411305592,-0.12325059213572542,0.9218973606188267,0.0,83.17500305175781,138.0
DAL,Industrials,0.33961950721008993,0.08729344107784653,0.32811569483326264,0.1766985685844813,0.9882306396915687,-0.003930907459364086,67.22470092773438,139.0
APTV,Consumer Discretionary,0.339448398114759,0.3908634335617496,0.1627401158468158,0.01132298959803446,0.8037208447577897,-0.1192885013200552,77.48500061035156,140.0
CB,Financials,0.3394244849501369,0.0376230349480029,0.0043716861802756135,-0.14704544006850573,1.0607618534842826,-0.013996507395312663,294.114990234375,141.0
CSX,Industrials,0.33885919131810205,0.029426118502244858,0.1404320943479942,-0.010985031900787146,0.9148537220388654,-0.0016410475515376,36.474998474121094,142.0
D,Utilities,0.3385059941831762,0.07446519994658196,0.06599438453418083,-0.08542274171460051,1.145644222149175,-0.06364503588896575,58.775001525878906,143.0
ROL,Industrials,0.33788949051659645,0.2506088543958649,0.06847620562769619,-0.08294092062108516,0.5504406891971411,-0.0022764128398119476,61.36000061035156,144.0
NEE,Utilities,0.33744554490717993,0.13473177271321024,0.18032199901077517,0.028904872761993827,0.8216287860125735,-0.027117904072986088,83.94999694824219,145.0
MMM,Industrials,0.3372609341000346,0.2994897447514622,0.159896464107268,0.008479337858486646,0.7795679798859696,-0.03362408104780601,167.27000427246094,146.0
DHI,Consumer Discretionary,0.33686063973326313,-0.021147427351127734,0.3450455305933189,0.19362840434453754,0.9244971455622031,-0.10513697862738525,161.47999572753906,147.0
GILD,Health Care,0.3366364036768594,0.34505775053369847,0.08934428767107261,-0.06207283857770873,0.6533006376222807,-0.056726841598837896,120.80500030517578,148.0
USB,Financials,0.3364360427118902,0.033425383147500654,0.17607973711202862,0.02466261086324728,1.0879231053780725,0.0,51.525001525878906,149.0
HIG,Financials,0.3362546708475973,0.0963242999829157,0.015767068538743878,-0.13565005771003746,1.082013319912561,-0.04882707383913054,130.2799072265625,150.0
EXE,Energy,0.33474317481117744,0.3105120041998475,0.08232688987960879,-0.06909023636917255,0.8759067953940366,0.0,124.4800033569336,151.0
AES,Utilities,0.33464411380695086,0.1386839663137176,0.31958822195341163,0.1681710957046303,0.8860673742648426,-0.07755474905482762,14.0,152.0
DGX,Health Care,0.33410665232959835,0.15550158295174032,0.06288521873655184,-0.0885319075122295,0.8017286155075914,-0.04523011141652489,183.64999389648438,153.0
COF,Financials,0.333696203950713,0.25757743860422777,0.1799632229974164,0.028546096748635064,0.8513229228640635,0.0,232.27999877929688,154.0
EQT,Energy,0.3322249042740917,0.3859008369612451,0.09479591625619244,-0.056621209992588906,0.9816421637123892,0.0,61.3650016784668,155.0
UNP,Industrials,0.3309298522633868,0.021621023024460895,0.0650626117170563,-0.08635451453172505,1.0117955844930624,-0.003875144917038442,236.49000549316406,156.0
PEP,Consumer Staples,0.3297689342539648,-0.06729600617872022,0.1276278301030489,-0.02378929614573244,0.8118988426750596,-0.05533149769907075,145.2050018310547,157.0
HLT,Consumer Discretionary,0.3290341414537124,0.09531502718542106,0.08628956884219008,-0.06512755740659126,0.9136839315843848,-0.04006712436450188,274.32000732421875,158.0
NVDA,Information Technology,0.32732893275370045,0.2964297378161316,0.2828675966037755,0.13145047035499413,0.7326788798172805,-0.12198070463504151,181.77499389648438,159.0
XYL,Industrials,0.3257368926315156,0.11172615765683269,0.11356898253873626,-0.03784814371004508,0.7269619017679968,-0.08024361455228379,140.27999877929688,160.0
SCHW,Financials,0.32519863246323333,0.1895653011695828,0.08634957901336193,-0.06506754723541941,0.9165694342866874,-0.021587478230583046,95.33000183105469,161.0
TFC,Financials,0.3227395812331383,0.07857357176113533,0.20183935671128572,0.05042223046250438,0.7941447858972788,0.0,47.720001220703125,162.0
WMB,Energy,0.3226172641889029,0.15843479948371764,0.0638138870101852,-0.08760323923859614,0.8797074063770819,-0.017524888709407715,63.349998474121094,163.0
NRG,Utilities,0.3209384163929782,0.6770571315743827,0.05703909255063633,-0.09437803369814501,0.6279555211823289,-0.07898655716815906,163.97999572753906,164.0
SRE,Utilities,0.320398148759291,0.011720911234791798,0.19217716732587342,0.04076004107709208,0.797611157818381,-0.04793075229115418,90.18000030517578,165.0
MLM,Materials,0.3195253813773482,0.06194673471888068,0.1305561731717657,-0.02086095307701563,0.7248983355543468,-0.052357488226562166,621.6300048828125,166.0
AIZ,Financials,0.3182471916025939,-0.0009701681998767198,0.1081129591641119,-0.04330416708466944,1.0131730550891052,-0.021182069963646244,222.88499450683594,167.0
PFG,Financials,0.31721838814757514,0.07128219689075,0.15816902882811013,0.0067519025793287835,0.7126457342655026,0.0,87.44999694824219,168.0
CINF,Financials,0.31593159604957644,0.06421616854901657,0.0898929185741868,-0.061524207674594544,0.8832802846525283,-0.034247324074027974,162.7100067138672,169.0
FDX,Industrials,0.31558693116887687,-0.005076601211458365,0.26819627190744555,0.11677914565866421,0.8717099615899329,-0.0031540991173545363,274.9599914550781,170.0
J,Industrials,0.3150968332371619,0.04683590531748849,0.11475860775556024,-0.036658518493221104,0.8700831067545874,-0.13638963870528464,141.6699981689453,171.0
CEG,Utilities,0.3141924732412912,0.45788187851493745,0.20373103004889392,0.05231390380011258,0.6616775489170816,-0.11067776690068265,358.8299865722656,172.0
AME,Industrials,0.31415895485422035,0.03461605493256936,0.12367096743123906,-0.027746158817542277,0.6924856725117343,-0.011751026633158856,199.73500061035156,173.0
TRMB,Information Technology,0.3141147499069333,0.13022319513485003,0.15729715339709816,0.005880027148316813,0.9001772496948418,0.0,83.58000183105469,174.0
JKHY,Financials,0.31406144282253246,0.04812867288447542,0.004096805784282509,-0.14732032046449883,0.9956806287427473,0.0,181.3249969482422,175.0
PCAR,Industrials,0.3139771865661156,-0.02068887319441204,0.18195872803944768,0.03054160179066634,0.9918381122067659,0.0,109.77999877929688,176.0
KEY,Financials,0.3137533255793937,0.08355730345605372,0.21689448867395322,0.06547736242517188,0.8885821679349708,0.0,19.44499969482422,177.0
CVX,Energy,0.31228058426365457,-0.01590628492161339,0.11047688034123837,-0.04094024590754297,0.8382372290819935,-0.041900295960038414,152.28500366210938,178.0
TTWO,Communication Services,0.31036968136745857,0.32502925020487305,0.07075024171332744,-0.0806668845354539,0.6036062504872048,-0.04996382080670703,249.18499755859375,179.0
PHM,Consumer Discretionary,0.309366133904256,-0.028981628641796986,0.29299466523632045,0.1415775389875391,0.7964486605103652,-0.0673699648913032,129.1074981689453,180.0
ANET,Information Technology,0.30807544115716196,0.23418423867123428,0.31496141134620026,0.16354428509741892,0.5171937838994212,-0.2107634498744585,127.87999725341797,181.0
MSFT,Information Technology,0.3079636117886673,0.12115033593814495,0.023828584613637682,-0.12758854163514366,0.8641699859674764,-0.11303324517828273,479.89990234375,182.0
RF,Financials,0.3079587808769641,0.04917926758114888,0.22563045644596524,0.0742133301971839,0.640544114221119,-0.0232233478703332,26.485000610351562,183.0
AFL,Financials,0.30725444403112767,0.04427106764713784,0.06343911787763834,-0.087978008371143,0.7363292008824024,-0.04652556307338085,109.08999633789062,184.0
SOLV,Health Care,0.3067902899503886,0.20884565648964815,0.14310538800019734,-0.008311738248584,0.8245110954316539,-0.002564924797934909,85.55000305175781,185.0
MAR,Consumer Discretionary,0.3062939312166218,0.04700830297532299,0.11769359978396521,-0.033723526464816134,0.9013802827932801,-0.03655630744562244,295.44000244140625,186.0
BLK,Financials,0.3044240120124137,0.05274420290037529,0.08872129133789719,-0.06269583491088415,0.8393623218935103,-0.10880680806003729,1071.739990234375,187.0
MTD,Health Care,0.30373754139381304,0.1275698151535234,0.19756572614645895,0.04614859989767761,0.7840709855622289,-0.0582296830201966,1418.324951171875,188.0
TRV,Financials,0.3022308133923572,0.09748452156124365,0.03635875545878764,-0.1150583707899937,0.8822376659832635,-0.044750757732676116,281.3399963378906,189.0
HPE,Information Technology,0.3003569737536849,0.09544746232387857,0.27013211645598934,0.118714990207208,0.8034785392736065,-0.13466666085379464,22.71500015258789,190.0
HSY,Consumer Staples,0.2986316270507125,0.05091643614361452,0.14650013439395027,-0.0049169918548310765,0.7264068407949604,-0.0589231732474913,182.6300048828125,191.0
EW,Health Care,0.29859468711982434,0.24900290764715338,0.13106300441278607,-0.020354121835995276,0.7663292851753345,0.0,87.68000030517578,192.0
RJF,Financials,0.29855534188625465,0.0018758427020357793,0.1218539727576653,-0.029563153491116045,0.9312999480955833,-0.06991235422331177,163.6199951171875,193.0
CTRA,Energy,0.2982796979068284,0.09902207664501272,0.10546438089490962,-0.04595274535387173,0.880658620834526,0.0,27.78499984741211,194.0
PFE,Health Care,0.29695292047013644,0.08683001081654118,0.14843756143655318,-0.0029795648122281637,0.5593281498116331,-0.036859737259773984,25.905000686645508,195.0
VMC,Materials,0.29671679792123196,0.03674523642556338,0.11715608608465766,-0.03426104016412368,0.6858356700798647,-0.0444112968385908,294.840087890625,196.0
LUV,Industrials,0.29459403810276996,0.174562678551212,0.14417244618316816,-0.007244680065613185,1.0594873505615066,0.0,37.875,197.0
FITB,Financials,0.29356500383660666,0.0053403494573787125,0.17849632818549832,0.02707920193671698,0.7418272696443639,-0.005389877568100276,45.625,198.0
HOLX,Health Care,0.29284624620911903,-0.032464171292362454,0.16516399343347876,0.01374686718469742,0.6305115443821665,-0.0007332396161766619,74.95500183105469,199.0
EBAY,Consumer Discretionary,0.2912033467339119,0.3304860299704657,0.056232860109771465,-0.09518426613900988,0.714317906790495,-0.1687990494426378,82.4800033569336,200.0
SNA,Industrials,0.28919917672017553,-0.021245139681536296,0.09670607441764889,-0.05471105183113245,0.8966042409885461,0.0,347.8599853515625,201.0
ITW,Industrials,0.28823821674303834,-0.06926027676604041,0.025241073371762734,-0.1261760528770186,0.7926825681086197,-0.05291915014880144,250.72000122070312,202.0
TDY,Information Technology,0.2877609437111991,0.08898267062998078,0.040805244193343304,-0.11061188205543804,0.7349797937561893,-0.12216572913271517,521.0999755859375,203.0
NDSN,Industrials,0.2868479732626791,-0.05703096148302178,0.12630139435454502,-0.025115731894236326,0.9297138898144746,0.0,240.1199951171875,204.0
PNC,Financials,0.28583781016027715,-0.018341294834879784,0.1274909741641972,-0.02392615208458415,0.7760695885639753,-0.032001094125963525,197.8531951904297,205.0
LOW,Consumer Discretionary,0.2851155211403338,-0.08067570426749548,0.1090585501209409,-0.04235857612784044,0.8727694955395526,-0.08768029612043327,247.3000030517578,206.0
PSKY,Communication Services,0.2838812186727909,0.2906216490302014,0.17204444088197013,0.020627314633188787,0.8973539117332923,-0.2967561925028146,13.875,207.0
VTRS,Health Care,0.2834170066040817,-0.11125928047811073,0.29148962363838216,0.14007249738960081,0.7361071252197905,-0.006910568405384621,10.994999885559082,208.0
DVN,Energy,0.2823495888852222,0.044741343671892864,0.19948096633990153,0.04806384009112019,0.8055139840777632,0.0,38.19499969482422,209.0
TROW,Financials,0.28218568001517996,-0.09390239180336257,0.15788868932168598,0.00647156307290464,0.9127158626906091,0.0,106.40499877929688,210.0
EMR,Industrials,0.28071929883488855,0.049206737164700254,0.1234912263917789,-0.027925899857002445,0.8113427078373499,-0.012946192980509252,137.6199951171875,211.0
KMI,Energy,0.27924212530111314,0.06063535535430842,0.011654007288958601,-0.13976311895982274,0.7685557862526139,-0.010184349584748342,27.854999542236328,212.0
TXT,Industrials,0.27898573182200326,-0.02353604447697699,0.10006064550902027,-0.05135648073976107,0.9050494208148845,-0.048660409642772406,83.08999633789062,213.0
DHR,Health Care,0.2785633778009238,-0.04961145570415304,0.16470048762260858,0.01328336137382724,0.834067072407535,-0.01399666735939642,227.5399932861328,214.0
VZ,Communication Services,0.27762253196697434,0.024344100673620694,-0.008723328406069042,-0.16014045465485038,0.8406777733282509,-0.033543063420275354,42.005001068115234,215.0
QCOM,Information Technology,0.27607595058745393,0.1115863434795048,0.19103004110871158,0.03961291485993024,0.7704735889608508,-0.058271993389374166,175.84500122070312,216.0
UAL,Industrials,0.27566142525077963,0.090823644066089,0.2405318022009575,0.08911467595217615,0.9261445163307886,-0.0445318463734633,104.48999786376953,217.0
UBER,Industrials,0.2741721255300569,0.29460511752875695,0.0778797199192176,-0.07353740632956374,0.8217722615651901,-0.07825670542617635,92.2665023803711,218.0
WAB,Industrials,0.27374544008014534,0.07423770680344921,0.040943847663964306,-0.11047327858481704,0.7930741855714823,0.0,214.13999938964844,219.0
BA,Industrials,0.27330337630959556,0.30332257670740925,-0.04167458982413952,-0.19309171607292086,1.229573328794849,-0.1198370702806435,202.01499938964844,220.0
FANG,Energy,0.2731351802671179,-0.047965614720702154,0.17394451525767662,0.022527389008895282,1.036596246862506,0.0,162.7100067138672,221.0
LH,Health Care,0.27272083890144916,0.08813280100947773,0.024780918589406342,-0.126636207659375,0.6752773824000138,-0.1077142703283509,258.8999938964844,222.0
AOS,Industrials,0.2727105298492492,-0.06000767492324022,0.07049398536764717,-0.08092314088113417,0.9426011222096548,-0.07745676866210272,68.17500305175781,223.0
BMY,Health Care,0.2718250531386509,-0.06422413196106325,0.11007248175006423,-0.04134464449871711,1.09146231741705,0.0,52.31999969482422,224.0
ES,Utilities,0.2684890681632,0.1401753477809322,0.028971660686059053,-0.12244546556272229,0.7051778281270404,-0.11017628609252417,66.62999725341797,225.0
HST,Real Estate,0.2674864358080444,-0.014903576777870353,0.12213035864739141,-0.02928676760138993,0.7434478386416118,-0.0506050638531631,17.260000228881836,226.0
CDNS,Information Technology,0.26660649560157434,0.078755030894603,0.1379693535494424,-0.013447772699338945,0.9443664515006788,-0.09494598428651624,337.9200134277344,227.0
VLTO,Industrials,0.2662071041752147,-0.0449536081991907,0.01954387732335605,-0.1318732489254253,0.7623327350048743,-0.06399264682462036,102.0114974975586,228.0
ALL,Financials,0.26440862667209347,0.020696281942027328,-0.007135627063447836,-0.15855275331222918,0.967333502815265,-0.046943659038491736,203.61300659179688,229.0
MCO,Financials,0.26185032057560564,0.013156556393788321,0.019089371113696352,-0.132327755135085,0.839307310998522,-0.04109256732204247,496.3999938964844,230.0
SLB,Energy,0.2613950248237589,-0.07501529274515073,0.16654583302438364,0.015128706775602296,0.9421442376227056,0.0,38.88999938964844,231.0
GEHC,Health Care,0.2602445987876938,0.01992130121447322,0.17476188704219187,0.023344760793410524,0.6903186279107831,0.0,84.05999755859375,232.0
NXPI,Information Technology,0.25825178871173216,0.025035631604441777,0.11650154113455535,-0.03491558511422599,1.2426135910395115,-0.007259496539079535,229.74000549316406,233.0
CTSH,Information Technology,0.25817724287957144,0.02481010910965442,0.013617916383435347,-0.137799209865346,0.786211640405309,0.0,80.66000366210938,234.0
COO,Health Care,0.25810097092064993,-0.20587665021940882,0.1340384273384838,-0.01737869891029753,1.3600487839947313,0.0,82.0250015258789,235.0
DOV,Industrials,0.2547021790461094,-0.054532533499721314,0.06771947374411535,-0.08369765250466599,0.7865449073364981,-0.0006294330548241023,190.52000427246094,236.0
AVY,Materials,0.25433988649416867,-0.11518766957266768,-0.005073623769581315,-0.15649075001836266,0.9728272951188182,-0.04464332116863168,176.99249267578125,237.0
PRU,Financials,0.2539795147697866,-0.07721362372146012,0.08413774845830524,-0.0672793777904761,0.7856875579264694,0.0,111.54000091552734,238.0
DASH,Consumer Discretionary,0.25245744437057305,0.28365040084975757,0.03473562619605475,-0.1166815000527266,0.8469762609723617,-0.1977070979638772,226.03799438476562,239.0
BDX,Health Care,0.2524464727143676,-0.09744679167299153,0.14070026095432442,-0.010716865294456923,0.5837010454417602,0.0,195.60499572753906,240.0
FRT,Real Estate,0.25209970448426644,-0.10442896651510392,0.03384500127182988,-0.11757212497695146,0.7124804323040206,-0.03820338232966003,97.43000030517578,241.0
AMZN,Consumer Discretionary,0.25202014106127013,0.07704737573709597,0.07639175269516918,-0.07502537355361216,0.8458921307499229,-0.09494096650851991,229.88499450683594,242.0
HSIC,Health Care,0.25140847662471455,-0.020343023506468105,0.04703705313915907,-0.10438007310962227,0.9765279638273598,-0.024105956222837288,73.68000030517578,243.0
COP,Energy,0.25130763095492825,-0.07568045369062393,0.10541722054966907,-0.045999905699112276,0.9148846486297767,-0.028984378585760306,94.74649810791016,244.0
BEN,Financials,0.2498628521405218,0.11145088158112171,0.10215169868849494,-0.0492654275602864,0.5876197569694398,-0.04362213621726274,23.450000762939453,245.0
TECH,Health Care,0.24846931608680167,-0.1558537639887545,0.29747948744340036,0.14606236119461902,0.7445843878574316,-0.04511075638106421,62.994998931884766,246.0
PNR,Industrials,0.24694358157220017,-0.02434722581416371,0.060751770427525775,-0.09066535582125557,0.8283295457626364,-0.06430030070494108,105.11250305175781,247.0
DDOG,Information Technology,0.24602966813826002,-0.022724286045457398,0.2400744802756174,0.08865735402683605,0.7491745009448417,-0.24150059019699976,151.4875030517578,248.0
TSN,Consumer Staples,0.24518381960997176,-0.09139309284093611,0.03652077187219627,-0.11489635437658507,0.731899078630355,-0.03396225674352438,56.31999969482422,249.0
CRL,Health Care,0.24477519098339598,-0.07175114316503106,0.2785072833565625,0.12709015710778115,0.7496632138923519,-0.06110431230399438,185.0,250.0
PKG,Materials,0.24463027099112078,-0.16386016370833045,0.026565738621133095,-0.12485138762764825,1.0664595160857866,-0.08617445698369863,199.14999389648438,251.0
GNRC,Industrials,0.2435533401401917,-0.11934551668345161,0.2860198379761283,0.13460271172734695,0.6836300052679846,-0.15942639986350726,164.55909729003906,252.0
HBAN,Financials,0.24202561850184715,-0.001125132068377721,0.064581647342695,-0.08683547890608634,0.8661174120034513,-0.051762792443655004,16.94499969482422,253.0
TDG,Industrials,0.24124127139916926,0.15153054809887578,-0.011219767082031984,-0.16263689333081333,0.5566057467696162,-0.0029261801175372026,1356.18994140625,254.0
MTB,Financials,0.24112273023953268,-0.058926087695776896,0.07961177025580324,-0.0718053559929781,0.8263233005148507,-0.023260054296933896,195.76499938964844,255.0
HUBB,Industrials,0.23852405541652963,-0.02499424694094976,0.12148957718921283,-0.029927549059568515,0.7188826908295869,-0.06471040868988398,440.5249938964844,256.0
URI,Industrials,0.23819010947645303,-0.05733074588134168,0.15364721119081048,0.0022300849420291424,0.9121074884241672,-0.20232020820914554,811.9299926757812,257.0
ADSK,Information Technology,0.23757010761161557,0.02485290141064178,0.02863771475314847,-0.12277941149563287,0.819887843717431,-0.0578123178813168,306.3900146484375,258.0
GPC,Consumer Discretionary,0.23712697547786052,0.05158569905599886,0.043371094043813674,-0.10804603220496767,0.735294509295963,-0.09119565653030093,129.75,259.0
DELL,Information Technology,0.2365492724084854,0.10925542331783067,0.21176729640341208,0.06035017015463073,0.6943662269469518,-0.17036639231448647,136.7899932861328,260.0
TRGP,Energy,0.23610387798170712,-0.057262650166968854,0.10187313554087818,-0.04954399070790316,0.8569460861569013,0.0,181.81500244140625,261.0
WAT,Health Care,0.2355592146684312,0.02067183462532296,0.1248113019230932,-0.026605824325688143,0.7884949884776419,-0.04251710908424999,395.0,262.0
GL,Financials,0.23497701326366333,0.2090922307478642,0.0832423870810155,-0.06817473916776584,0.896078444881061,-0.10245861962772895,131.27999877929688,263.0
MTCH,Communication Services,0.23324269240975376,0.07102887803449476,0.09194596544554257,-0.059471160803238776,0.818819706998183,-0.10386493055082491,34.375,264.0
WST,Health Care,0.23092243234027546,-0.12354011953356869,0.25358056254676864,0.1021634362979873,0.8906721573938879,-0.08402548155146172,281.2099914550781,265.0
FCX,Materials,0.22503730362400662,0.053814029881553926,0.10435785657046304,-0.047059269678318305,0.9281724201123212,-0.005701634814913037,45.494998931884766,266.0
LEN,Consumer Discretionary,0.22497337082815913,-0.22888547250316948,0.18400197227624537,0.03258484602746403,0.9541572409495971,-0.08671176763611832,127.4000015258789,267.0
DAY,Industrials,0.224268916031618,-0.14181887462399234,0.143247253253731,-0.008169872995050342,1.130093805785066,-0.0006511255288118578,69.07499694824219,268.0
VRTX,Health Care,0.2237065276922116,-0.000536129541398922,0.013817993570511833,-0.1375991326782695,0.9952292580953757,-0.013829807422901852,456.7250061035156,269.0
NVR,Consumer Discretionary,0.2216979782671522,-0.1754255925186473,0.06423357043217437,-0.08718355581660697,0.8531893317862093,-0.11242619972230905,7573.64990234375,270.0
NTAP,Information Technology,0.22082745357424943,-0.038811954456347775,0.11561079819579323,-0.03580632805298811,0.7638657057100281,-0.06646990727405366,117.44999694824219,271.0
ACGL,Financials,0.21862911885594674,-0.07655978308695133,-0.037893804704748124,-0.18931093095352947,0.905574501736698,-0.026377095588149158,91.91000366210938,272.0
CTVA,Materials,0.21504647515510325,0.09034725601666005,-0.06117846003725447,-0.2125955862860358,0.873901422173125,-0.09686366308491667,66.91500091552734,273.0
MET,Financials,0.21488796234640722,-0.05864134241978336,-0.004247127175597942,-0.15566425342437928,0.7726300888373808,-0.04709376868629278,78.41999816894531,274.0
WSM,Consumer Discretionary,0.21265301287186278,0.011490148595650895,0.157629205500478,0.006212079251696645,0.7734092751173318,-0.10590840961777181,181.3249969482422,275.0
HUM,Health Care,0.21228198117499575,-0.09419499100411433,0.13536620917056474,-0.016050917078216598,1.0237643579367233,-0.12744938525062266,260.05499267578125,276.0
DE,Industrials,0.21045326106544865,0.06934488705218711,-0.062443799971499736,-0.21386092622028108,0.7410017625283444,-0.02778390420618515,484.2900085449219,277.0
PODD,Health Care,0.20980880320547143,0.14911366501894086,-0.006094216773382399,-0.15751134302216374,0.9011783315334112,-0.12173349389328414,309.8699951171875,278.0
SWK,Industrials,0.20432932469842438,-0.1324401271303013,0.13146133523117887,-0.019955791017602476,0.9499595133689144,-0.06943194673286035,73.13999938964844,279.0
RMD,Health Care,0.2039811402266003,0.045909499072175786,0.019464478137201535,-0.1319526481115798,0.7463406384561438,-0.09427489443596582,255.96499633789062,280.0
FTV,Industrials,0.20187620463957454,-0.08320727073211787,-0.015760600943257153,-0.1671777271920385,0.6683920180918768,0.0,54.040000915527344,281.0
MGM,Consumer Discretionary,0.2016110005796854,-0.04252192688289791,0.12727558780580428,-0.024141538442977062,0.7024418064208718,-0.0168354197733529,35.915000915527344,282.0
EIX,Utilities,0.1996981577332408,-0.2763119382018322,0.1116133272655524,-0.039803798983228944,0.8375478192515473,-0.021122000566983434,57.93000030517578,283.0
ISRG,Health Care,0.19837114154021657,0.054909442156654276,0.025804192501993173,-0.12561293374678817,0.6105389672133582,-0.012809401229791906,571.4550170898438,284.0
MCHP,Information Technology,0.19580598960036374,0.04986143816651856,0.03625595356044653,-0.11516117268833481,1.1191795955985504,-0.00547585359263103,66.55000305175781,285.0
BBY,Consumer Discretionary,0.18559756453874,-0.12651126264364,0.03977132259399219,-0.11164580365478916,1.1459447467352444,-0.11988094874790733,73.93000030517578,286.0
IEX,Industrials,0.1837754321430162,-0.21302885522604142,-0.01724908110163914,-0.16866620735042048,0.9155269782948902,-0.0018991026096679686,178.69000244140625,287.0
RVTY,Health Care,0.18349118642337647,-0.10738890612436469,0.11483511567312266,-0.036582010575658686,0.5602230907106761,-0.030216940898245004,102.37999725341797,288.0
ETN,Industrials,0.1825011615322569,-0.08498630274823404,0.024456166426702897,-0.12696095982207845,0.8485883021826112,-0.12683428156229848,338.57000732421875,289.0
BX,Financials,0.1801307025635068,-0.15065739261567734,0.10848969113659401,-0.04292743511218733,0.6858189111462653,-0.17984785935753234,153.38499450683594,290.0
CCL,Consumer Discretionary,0.17059241071657053,-0.008617402382615102,0.06610376840389098,-0.08531335784489036,0.7712539052956069,-0.20280260992483856,25.885000228881836,291.0
EPAM,Information Technology,0.17053451730223157,-0.15681798759464416,0.1378202661345882,-0.013596860114193143,0.7539930431343972,0.0,202.793701171875,292.0
TXN,Information Technology,0.16793161141747268,-0.03791542673835924,-0.029385337405801626,-0.18080246365458297,0.9086057274511847,0.0,183.78500366210938,293.0
CRM,Information Technology,0.16618891598439015,-0.2094365915491836,-0.04809581752561076,-0.1995129437743921,1.3852651800841271,-0.011275202837447651,260.44000244140625,294.0
AKAM,Information Technology,0.16510203992344175,-0.1181687857082735,0.11651302890236148,-0.03490409734641986,0.49108603750899227,-0.05186861292626854,86.00499725341797,295.0
BXP,Real Estate,0.15870604355016277,-0.07512820705571055,-0.027390319510336436,-0.17880744575911778,0.7894315194818428,-0.09970896915330596,70.4000015258789,296.0
UPS,Industrials,0.15834111372511694,-0.21585575206046437,0.00410161112701779,-0.14731551512176355,0.8823950913851811,-0.03095408760682883,95.16999816894531,297.0
ON,Information Technology,0.15369393953630706,-0.20068756355096795,0.11221848263092316,-0.039198643617858187,1.0501596043217387,-0.023622086662710706,55.79999923706055,298.0
PANW,Information Technology,0.15349253515466987,0.008380265864161851,-0.008316651359461691,-0.15973377760824303,0.742594085107248,-0.1058812987822193,197.94000244140625,299.0
APO,Financials,0.14171718173709552,-0.19120408457877247,0.041810526383703195,-0.10960659986507815,0.8146300349262863,-0.043957929592966294,137.97999572753906,300.0
ODFL,Industrials,0.13886514790398144,-0.28553271550119697,-0.030296452632420645,-0.181713578881202,1.330728977351325,0.0,154.875,301.0
KKR,Financials,0.12037248664356512,-0.16943624203861274,0.05977359677269756,-0.09164352947608378,0.5329680702461502,-0.1254419877432026,130.40499877929688,302.0
LW,Consumer Staples,0.11102067086612526,-0.2261772162928497,0.08920020228549319,-0.06221692396328815,0.5866609320317147,-0.09488541659580951,59.89500045776367,303.0
SWKS,Information Technology,0.09726596969903407,-0.17105585392275724,-0.006138502617017316,-0.15755562886579866,0.7436968610346477,-0.15038658789520198,69.69999694824219,304.0
FICO,Information Technology,0.09347598110859352,-0.23451810563152953,0.011379682001020575,-0.14003744424776077,0.6713234533045545,-0.044824557905509765,1795.300048828125,305.0
